Player ID,PlayerName,ELONOWR,ELO,RANK,GuessRate,erigs,Seven8,avg8,LivesTaken,LivesSaved,WIN,LOSE,TIE,RigsHit,OfflistHit,Rigs,RigsMissed,SoloRigs,MissedSolos,LivesLostOnRigs,OfflistErigs,rigs8,TotalSongs,Samples,WINSTREAK,LOSESTREAK,TIESTREAK,PALL,PRECENT,WR,STREAK,FINAL MODIFIER
125,paperyoshi10,140.98,140.98,0.47,0.874,0.001,0.0,0.503,12.0,23.0,5,0,0,27.0,84.0,27.0,0.0,9.0,0.0,0.0,1.0,4.148,127.0,1,5,0,0,5,5,0.0,0.0,0.0
490,fanna,129.25,129.25,0.431,0.811,0.001,0.5,0.45,4.0,22.0,2,8,1,18.5,118.0,18.5,0.0,8.0,0.0,0.0,1.0,3.512,167.0,2,2,8,1,11,11,0.0,0.0,0.0
83,Milar,126.78,126.78,0.423,0.758,0.002,0.0,0.481,10.333,12.667,9,6,1,36.333,74.333,37.333,1.0,11.333,0.333,0.333,0.333,3.79,147.0,3,9,6,1,16,16,0.0,0.0,0.0
81,Pile,123.45,123.45,0.412,0.72,0.001,0.0,0.49,7.0,16.667,9,7,0,55.0,48.667,58.667,3.667,13.0,0.667,0.0,0.0,4.162,143.667,3,9,7,0,16,16,0.0,0.0,0.0
8,Hejsan,123.11,123.11,0.41,0.682,0.002,1.0,0.526,8.0,22.0,2,3,0,37.0,66.0,42.0,5.0,9.0,1.0,0.0,2.0,4.0,151.0,1,2,3,0,5,5,0.0,0.0,0.0
16,yahallonyanpasu,119.72,119.72,0.399,0.575,0.006,2.0,0.602,21.0,15.0,5,0,1,41.0,51.0,43.0,2.0,24.0,0.0,0.0,0.0,2.977,160.0,1,5,0,1,6,6,0.0,0.0,0.0
327,Flato,119.04,119.04,0.397,0.711,0.001,0.25,0.454,5.75,14.5,12,7,3,48.0,62.25,50.5,2.5,7.5,0.0,0.5,0.25,4.643,155.25,4,12,7,3,22,22,0.0,0.0,0.0
369,florenz,117.32,117.32,0.391,0.775,0.0,2.0,0.369,2.0,7.0,2,2,2,42.0,113.0,42.0,0.0,9.0,0.0,0.0,0.0,5.619,200.0,1,2,2,2,6,6,0.0,0.0,0.0
84,Alkios,116.72,116.72,0.389,0.73,0.001,1.5,0.41,5.0,16.0,4,5,3,33.0,110.5,33.0,0.0,8.5,0.0,0.0,0.5,5.155,196.5,2,4,5,3,12,12,0.0,0.0,0.0
181,Yolowolf75,115.17,115.17,0.384,0.708,0.001,1.0,0.417,5.0,17.0,3,2,1,65.0,71.0,70.0,5.0,6.0,0.0,0.0,0.0,5.071,192.0,1,3,2,1,6,6,0.0,0.0,0.0
133,ChrisLefko,111.89,111.89,0.373,0.677,0.0,0.0,0.418,4.333,8.667,4,11,1,52.0,51.333,54.333,2.333,6.667,0.0,0.667,0.0,5.064,152.333,3,4,11,1,16,16,0.0,0.0,0.0
344,Naizuri,109.99,109.99,0.367,0.615,0.0,0.0,0.465,8.333,9.0,11,3,2,39.333,49.0,40.0,0.667,5.667,0.0,0.0,0.0,4.928,143.667,3,11,3,2,16,16,0.0,0.0,0.0
123,Konsumenci,105.82,105.82,0.353,0.563,0.002,0.75,0.477,8.75,9.0,9,11,2,29.25,61.5,31.75,2.5,15.75,0.75,0.75,0.25,3.385,159.5,4,9,11,2,22,22,0.0,0.0,0.0
325,Swapin,105.27,105.27,0.351,0.627,0.001,0.333,0.404,4.0,3.667,8,6,2,48.333,50.667,51.333,3.0,9.667,0.0,0.0,0.333,4.948,157.667,3,8,6,2,16,16,0.0,0.0,0.0
386,Coglionedown,105.25,105.25,0.351,0.626,0.0,1.0,0.404,3.0,8.25,7,13,2,44.75,60.75,47.25,2.5,6.25,0.0,1.0,0.5,4.903,168.75,4,7,13,2,22,22,0.0,0.0,0.0
382,Shiku,103.09,103.09,0.344,0.608,0.0,0.25,0.402,2.5,7.5,7,12,3,38.5,68.25,39.5,1.0,5.5,0.0,0.0,0.25,5.241,175.75,4,7,12,3,22,22,0.0,0.0,0.0
398,kabao,100.86,100.86,0.336,0.539,0.002,1.0,0.452,5.0,10.0,0,4,1,30.0,60.0,31.0,1.0,6.0,0.0,0.0,0.0,4.516,167.0,1,0,4,1,5,5,0.0,0.0,0.0
311,beautiful,98.8,98.8,0.329,0.538,0.001,0.0,0.433,5.0,9.0,3,2,0,20.0,50.0,20.0,0.0,5.0,0.0,0.0,1.0,4.8,130.0,1,3,2,0,5,5,0.0,0.0,0.0
477,FurLain,96.81,96.81,0.323,0.51,0.001,2.0,0.443,5.0,9.667,10,6,0,20.667,55.333,20.667,0.0,7.0,0.0,0.0,0.0,4.356,149.667,3,10,6,0,16,16,0.0,0.0,0.0
277,chemist,95.61,95.61,0.319,0.458,0.0,3.0,0.487,1.0,7.0,1,3,1,15.0,51.0,15.0,0.0,6.0,0.0,0.0,0.0,4.133,144.0,1,1,3,1,5,5,0.0,0.0,0.0
276,hmsuis,92.12,92.12,0.307,0.486,0.0,0.0,0.421,3.0,8.0,2,4,0,26.0,63.0,26.0,0.0,11.0,0.0,0.0,0.0,4.731,183.0,1,2,4,0,6,6,0.0,0.0,0.0
38,Diukes,91.28,91.28,0.304,0.418,0.001,2.0,0.484,3.0,11.0,1,2,2,34.0,25.0,52.0,18.0,12.0,0.0,5.0,0.0,4.038,141.0,1,1,2,2,5,5,0.0,0.0,0.0
335,xeyz,88.69,88.69,0.296,0.478,0.001,0.5,0.394,3.5,5.5,7,2,1,59.5,6.0,83.5,24.0,8.5,0.5,3.5,0.0,4.642,137.0,2,7,2,1,10,10,0.0,0.0,0.0
401,Spartric,87.05,87.05,0.29,0.44,0.0,0.0,0.419,0.0,9.0,1,2,2,38.0,24.0,43.0,5.0,2.0,0.0,4.0,0.0,4.558,141.0,1,1,2,2,5,5,0.0,0.0,0.0
115,Saiki,86.98,86.98,0.29,0.401,0.001,3.75,0.459,6.0,8.25,7,13,2,29.25,38.25,29.75,0.5,16.0,0.25,0.25,0.0,3.779,168.25,4,7,13,2,22,22,0.0,0.0,0.0
463,Gabetin,85.57,85.57,0.285,0.482,0.0,1.333,0.359,3.333,1.0,11,3,2,53.0,22.0,53.667,0.667,8.0,0.0,0.0,0.0,5.513,156.333,3,11,3,2,16,16,0.0,0.0,0.0
175,Kirox,82.74,82.74,0.276,0.395,0.0,3.0,0.424,2.0,8.0,2,3,0,36.0,22.0,39.0,3.0,11.0,1.0,0.0,0.0,4.487,147.0,1,2,3,0,5,5,0.0,0.0,0.0
217,ShelterRin,82.54,82.54,0.275,0.441,0.0,1.0,0.371,4.0,2.0,5,0,0,28.0,32.0,29.0,1.0,2.0,0.0,0.0,0.0,5.345,136.0,1,5,0,0,5,5,0.0,0.0,0.0
225,MythAndroid,79.64,79.64,0.265,0.399,0.001,1.667,0.387,3.333,2.667,7,7,2,41.667,19.667,49.667,8.0,8.333,0.667,1.333,0.0,4.712,155.0,3,7,7,2,16,16,0.0,0.0,0.0
174,TateyamaAyano,78.21,78.21,0.261,0.326,0.0,2.0,0.452,4.0,6.0,2,4,0,39.0,17.0,39.0,0.0,11.0,0.0,0.0,0.0,4.385,172.0,1,2,4,0,6,6,0.0,0.0,0.0
416,OkitaNobu,77.73,77.73,0.259,0.475,0.0,6.0,0.286,1.0,1.0,2,2,2,43.0,52.0,53.0,10.0,8.0,1.0,0.0,0.0,5.585,200.0,1,2,2,2,6,6,0.0,0.0,0.0
180,psirockin,70.64,70.64,0.235,0.292,0.0,3.0,0.41,5.0,2.0,3,2,0,24.0,14.0,28.0,4.0,7.0,0.0,0.0,0.0,4.714,130.0,1,3,2,0,5,5,0.0,0.0,0.0
322,Catge,70.07,70.07,0.234,0.323,0.0,1.0,0.37,2.0,1.0,0,4,1,23.0,31.0,23.0,0.0,6.0,0.0,0.0,0.0,5.0,167.0,1,0,4,1,5,5,0.0,0.0,0.0
422,MapleSyyrup,68.07,68.07,0.227,0.297,0.0,17.0,0.378,2.0,3.0,3,2,1,43.0,14.0,58.0,15.0,15.0,2.0,2.0,0.0,4.69,192.0,1,3,2,1,6,6,0.0,0.0,0.0
1,atsui,67.93,67.93,0.226,0.241,0.0,4.0,0.437,2.0,4.0,1,2,2,12.0,22.0,13.0,1.0,4.0,0.0,1.0,0.0,4.154,141.0,1,1,2,2,5,5,0.0,0.0,0.0
514,JCas38,65.89,65.89,0.22,0.199,0.0,7.0,0.462,3.0,2.0,2,3,0,24.0,6.0,27.0,3.0,3.0,0.0,0.0,0.0,4.444,151.0,1,2,3,0,5,5,0.0,0.0,0.0
493,chiabobo,65.09,65.09,0.217,0.323,0.0,5.25,0.32,2.75,1.0,9,11,2,38.0,15.0,43.5,5.5,6.5,0.25,0.25,0.0,5.298,163.5,4,9,11,2,22,22,0.0,0.0,0.0
170,hubcioskubcio,57.33,57.33,0.191,0.183,0.001,3.0,0.39,2.0,1.0,4,1,0,24.0,2.0,27.0,3.0,6.0,0.0,0.0,0.0,5.222,142.0,1,4,1,0,5,5,0.0,0.0,0.0
171,JustAWeirdo,56.08,56.08,0.187,0.192,0.001,3.0,0.368,2.0,1.0,2,4,0,27.0,6.0,28.0,1.0,6.0,0.0,0.0,0.0,5.25,172.0,1,2,4,0,6,6,0.0,0.0,0.0
504,Yonakax_,54.77,54.77,0.183,0.201,0.0,0.0,0.345,2.0,0.0,1,3,1,10.0,19.0,12.0,2.0,2.0,0.0,0.0,0.0,4.917,144.0,1,1,3,1,5,5,0.0,0.0,0.0
512,angelair,46.28,46.28,0.154,0.131,0.0,4.0,0.333,2.0,0.0,5,0,1,20.0,1.0,21.0,1.0,0.0,0.0,0.0,0.0,5.429,160.0,1,5,0,1,6,6,0.0,0.0,0.0
426,brandon_K,44.15,44.15,0.147,0.162,0.0,2.0,0.279,0.0,0.0,0,4,1,10.0,11.0,11.0,1.0,1.0,0.0,0.0,0.0,5.273,130.0,1,0,4,1,5,5,0.0,0.0,0.0
429,Nunuchu42,29.46,29.46,0.098,0.065,0.0,6.0,0.232,0.0,0.0,2,3,0,6.0,2.0,7.0,1.0,1.0,0.0,0.0,0.0,5.714,123.0,1,2,3,0,5,5,0.0,0.0,0.0
